Avg_PM10,Rolling_Mean,Rolling_Std,Seasonal_Diff
21.166666666666668,,,
14.833333333333334,,,
25.4,,,
28.8,,,
34.0,,,
30.166666666666668,,,
22.666666666666668,25.29047619047619,6.39275383440514,
20.0,25.123809523809523,6.531879494865912,
23.0,26.29047619047619,4.917343241046387,
24.166666666666668,26.114285714285717,4.976308952793308,
21.166666666666668,25.023809523809526,5.123862630278868,
36.833333333333336,25.428571428571434,5.989850321861717,
43.5,27.333333333333336,9.073771725877469,
37.5,29.452380952380956,9.523224188361786,
25.333333333333332,30.214285714285715,8.828989647805589,
16.5,29.285714285714285,9.980867941603321,
15.833333333333334,28.095238095238095,11.124654444428222,
16.666666666666668,27.452380952380956,11.706564431704583,
27.5,26.119047619047617,10.968268325169209,
25.833333333333332,23.595238095238095,7.907952597588987,
43.166666666666664,24.4047619047619,9.663724237454534,
29.166666666666668,24.952380952380956,9.832257137772613,
15.727272727272727,24.841991341991342,9.946643147966189,
23.833333333333332,25.984848484848488,9.168177519701057,
27.166666666666668,27.484848484848488,8.197063051429788,
27.5,27.48484848484848,8.197063051429788,
25.714285714285715,27.467841682127396,8.201183061243256,
34.833333333333336,26.277365491651203,5.794151477600712,
25.545454545454547,25.760049474335187,5.6531328982713935,
29.5,27.72758194186766,3.6050844186965576,
38.333333333333336,29.799010513296228,4.920380711258738,
31.166666666666668,30.3704390847248,4.794378878847106,
43.333333333333336,32.63234384662956,6.606816274394341,
44.166666666666664,35.268398268398265,7.052655786939018,
29.0,34.435064935064936,7.446275871609589,
21.833333333333332,33.904761904761905,8.271356836417095,
24.833333333333332,33.23809523809524,8.853152369540851,
29.5,31.976190476190474,8.632640776291268,
32.5,32.16666666666667,8.626509529738351,
37.333333333333336,31.309523809523807,7.564799433969841,
43.416666666666664,31.202380952380956,7.354744176704031,
39.166666666666664,32.654761904761905,7.8354649244324035,
28.5,33.607142857142854,6.610302404852427,
23.5,33.41666666666667,6.917335978325538,
31.666666666666668,33.726190476190474,6.759546453273929,
27.333333333333332,32.988095238095234,7.184478603505805,
20.416666666666668,30.571428571428573,8.24599068844141,
33.333333333333336,29.13095238095238,6.272710062994431,
28.833333333333332,27.654761904761905,4.475868571674061,
28.333333333333332,27.63095238095238,4.471063637761174,
25.833333333333332,27.964285714285715,4.189895567639483,
25.5,27.083333333333336,3.921391948634434,
23.333333333333332,26.51190476190476,4.16289511844773,
10.5,25.0952380952381,7.178193019587538,
19.666666666666668,23.142857142857142,6.378079192036932,
24.166666666666668,22.476190476190474,5.910935073163448,
21.5,21.5,5.316814696650513,
26.833333333333332,21.642857142857142,5.464047959692565,
25.25,21.607142857142858,5.435376721610056,
30.166666666666668,22.583333333333336,6.336073968423482,
32.5,25.726190476190478,4.547260644066893,
26.666666666666668,26.726190476190478,3.679495954093542,
16.5,25.63095238095238,5.336339678470765,
38.6,28.073809523809523,6.8339556433627795,
12.181818181818182,25.980735930735932,9.13388933756531,
25.0,25.945021645021647,9.137710745214717,
23.0,24.92121212121212,8.986101399687922,
23.5,23.635497835497834,8.34176739669347,
32.166666666666664,24.42121212121212,8.914238875479475,
31.666666666666668,26.58787878787879,8.501684415108146,
21.166666666666668,24.097402597402596,6.774375870707447,
26.666666666666668,26.166666666666668,4.28174419288841,
30.166666666666668,26.904761904761905,4.487489959606196,
33.5,28.404761904761905,4.713904906857979,
34.0,29.904761904761905,4.561165728652386,
32.333333333333336,29.928571428571434,4.5753538042278965,
29.75,29.654761904761905,4.5108994985162925,
28.333333333333332,30.678571428571427,2.7218375173583955,
17.166666666666668,29.321428571428573,5.745051931281558,
28.0,29.011904761904763,5.750287547445532,
32.0,28.797619047619047,5.580608195410972,
24.333333333333332,27.416666666666664,5.265849092659889,
26.09090909090909,26.524891774891774,4.80264137108197,
28.333333333333332,26.32251082251082,4.67216253093433,
25.166666666666668,25.87012987012987,4.597728518026212,
16.571428571428573,25.78509585652443,4.787128641419114,
10.5,23.28509585652443,7.331188611625068,
13.5,20.642238713667286,6.9926586301143185,
17.833333333333332,19.713667285095855,6.850957402223681,
18.666666666666668,18.653061224489793,6.247219444108978,
25.833333333333332,18.295918367346935,5.643909505092561,
25.666666666666668,18.367346938775512,5.747569356166285,
19.333333333333332,18.76190476190476,5.69832426866881,
28.833333333333332,21.38095238095238,5.476984069481568,
28.75,23.559523809523807,4.812386190504785,
38.333333333333336,26.488095238095237,6.638208107487072,
33.166666666666664,28.559523809523807,6.0247779822537755,
32.0,29.440476190476186,6.01054518651624,
44.666666666666664,32.154761904761905,7.987320474338585,
39.833333333333336,35.083333333333336,6.018297716747427,
34.583333333333336,35.904761904761905,5.3818170747856975,
40.0,37.511904761904766,4.495993219129094,
25.666666666666668,35.70238095238095,6.298121623058405,
28.166666666666668,34.98809523809524,6.889408902544174,
23.333333333333332,33.75,8.17474090652963,
14.833333333333334,29.488095238095237,9.241916960270169,
14.0,25.797619047619047,9.574253807939106,
26.4,24.62857142857143,8.790197161472927,
24.8,22.457142857142856,5.691342166956434,
17.8,21.333333333333336,5.7285186502207255,
18.6,19.966666666666665,4.909137361047303,
17.0,19.061904761904763,4.766799864938935,
18.083333333333332,19.526190476190475,4.432872335501894,
15.0,19.66904761904762,4.236879841776453,
24.5,19.39761904761905,3.7688099675400797,
30.333333333333332,20.188095238095237,5.3424983256702285,
38.166666666666664,23.097619047619048,8.460914650295047,
34.333333333333336,25.3452380952381,9.130284944874592,
32.0,27.48809523809524,8.589456900251037,
34.833333333333336,29.88095238095238,7.8325734180540225,
28.0,31.738095238095237,4.583441557163839,
29.833333333333332,32.5,3.493379982724985,
29.0,32.30952380952381,3.663418474681107,
36.5,32.07142857142857,3.250152621569027,
33.72727272727273,31.984848484848488,3.187320879090631,
30.5,31.77056277056277,3.2361809591152193,
25.5,30.437229437229437,3.659056178301299,
30.333333333333332,30.770562770562773,3.5029768766179097,
30.4,30.85151515151515,3.4842054742739483,
24.8,30.25151515151515,4.153529703647466,
30.181818181818183,29.34891774891775,3.1296798095572673,
30.833333333333332,28.935497835497838,2.6014886571342117,
32.0,29.149783549783553,2.8056056185568212,
27.5,29.435497835497838,2.4514612836259766,
26.333333333333332,28.86406926406926,2.6642565029886764,
27.5,28.449783549783547,2.6105474982104826,
24.1,28.349783549783552,2.7814698276323577,
30.833333333333332,28.442857142857143,2.862704903597223,
29.571428571428573,28.262585034013604,2.7234257535330855,
14.5,25.762585034013604,5.418990730147094,
19.166666666666668,24.572108843537414,5.870259174070562,
28.166666666666668,24.83401360544218,6.001366957268452,
27.0,24.762585034013608,5.967226204506433,
32.833333333333336,26.01020408163265,6.67643639504251,
37.0,26.891156462585034,7.740901287840047,
29.333333333333332,26.857142857142858,7.7276730790666575,
22.5,28.0,5.992278982775056,
19.333333333333332,28.023809523809526,5.951523747800657,
21.90909090909091,27.12987012987013,6.380952013838732,
28.166666666666668,27.296536796536795,6.392220897063237,
35.666666666666664,27.701298701298704,6.872882228212122,
38.166666666666664,27.867965367965372,7.144726459668002,
36.5,28.891774891774894,7.8667031863025585,
29.833333333333332,29.939393939393938,7.344604828007005,
18.545454545454547,29.826839826839826,7.537727053662201,
17.333333333333332,29.17316017316017,8.47850076924372,
17.5,27.64935064935065,9.576929942663165,
21.666666666666668,25.649350649350648,9.072124652612366,
24.833333333333332,23.744588744588743,7.215799018601266,
27.5,22.458874458874455,5.037156964205294,
29.0,22.339826839826838,4.839803284513478,
23.142857142857142,22.996598639455783,4.541848507280092,
18.5,23.163265306122447,4.315142101385061,
23.666666666666668,24.044217687074827,3.52304336832524,
32.333333333333336,25.568027210884356,4.495807835065858,
38.333333333333336,27.496598639455783,6.553005411761391,
38.0,28.996598639455783,7.661839510749275,
28.833333333333332,28.97278911564626,7.662086137467542,
23.666666666666668,29.047619047619047,7.597949458823487,
23.5,29.761904761904763,6.612178118509779,
33.666666666666664,31.190476190476193,6.13914924392243,
32.666666666666664,31.23809523809524,6.1507731694487395,
31.9,30.319047619047616,5.341273850796862,
29.166666666666668,29.057142857142857,4.130362475606019,
27.666666666666668,28.89047619047619,4.164297739280391,
25.0,29.08095238095238,3.9081518386125804,
25.166666666666668,29.319047619047616,3.54541211849161,
37.166666666666664,29.81904761904762,4.4036540863434475,
33.7,29.966666666666665,4.530513829087775,
25.666666666666668,29.076190476190476,4.696717304581312,
28.333333333333332,28.957142857142856,4.704596424054632,
28.166666666666668,29.02857142857143,4.6854948974321315,
24.5,28.957142857142856,4.760357685196083,
22.166666666666668,28.528571428571432,5.266611412207657,
32.81818181818182,27.90735930735931,4.232924738653714,
34.333333333333336,27.9978354978355,4.381534462183199,
14.833333333333334,26.450216450216452,6.661968697560942,
19.833333333333332,25.235930735930737,7.026219300819801,
21.666666666666668,24.30735930735931,7.003823534256071,
21.833333333333332,23.92640692640693,7.063864448277308,
19.363636363636363,23.525974025974026,7.257052311766671,
27.333333333333332,22.742424242424242,6.3224738952007575,
21.166666666666668,20.861471861471863,3.724021623212746,
23.0,22.02813852813853,2.6431386963232018,
22.666666666666668,22.432900432900432,2.46173434634099,
27.333333333333332,23.242424242424246,3.0331678377442235,
28.454545454545453,24.18831168831169,3.5146927724744352,
25.166666666666668,25.017316017316016,2.798432327270911,
22.5,24.32683982683983,2.727116397636028,
26.333333333333332,25.064935064935064,2.4100073583345885,
24.166666666666668,25.23160173160173,2.2802520932214905,
24.833333333333332,25.541125541125542,2.0044279550093034,
26.6,25.436363636363634,1.9121876439180723,
27.0,25.228571428571428,1.579665760641912,
26.0,25.347619047619048,1.605414120205426,
23.5,25.49047619047619,1.330791227430412,
25.5,25.37142857142857,1.2790952490276548,
27.166666666666668,25.800000000000004,1.3103575989162133,
24.272727272727273,25.71991341991342,1.393762458185379,
22.833333333333332,25.181818181818183,1.6924543100700826,
21.0,24.324675324675326,2.09066857683574,
18.0,23.181818181818183,3.0076934307693586,
21.833333333333332,22.943722943722946,3.0440560923791953,
23.166666666666668,22.61038961038961,2.8382811317967103,
27.22222222222222,22.618326118326117,2.853183520431688,
29.0,23.29365079365079,3.7336356642512993,
24.333333333333332,23.507936507936506,3.745838372733007,
23.333333333333332,23.841269841269842,3.5858702721189166,
22.833333333333332,24.53174603174603,2.6047710938774715,
29.166666666666668,25.57936507936508,2.8055752003084797,
30.77777777777778,26.666666666666664,3.1663417637092466,
26.333333333333332,26.539682539682538,3.1581617898158574,
27.5,26.325396825396826,3.0108563120685052,
33.333333333333336,27.611111111111114,3.8289024311362043,
31.166666666666668,28.73015873015873,3.5009446948807823,
28.833333333333332,29.58730158730159,2.3676613156911097,
39.8,31.106349206349204,4.50193765847284,
33.166666666666664,31.447619047619046,4.563009774376784,
28.0,31.685714285714287,4.286795278131859,
28.833333333333332,31.876190476190477,4.095151346441835,
30.166666666666668,31.42380952380952,4.082243132728483,
23.833333333333332,30.376190476190477,4.997581425631811,
19.1,28.985714285714284,6.596628126967803,
26.333333333333332,27.061904761904763,4.56931912309455,
26.5,26.109523809523807,3.6961799241577005,
24.833333333333332,25.657142857142855,3.619224097618647,
24.5,25.03809523809524,3.3456676558637093,
26.5,24.514285714285716,2.6164619270827494,
18.9,23.809523809523807,3.3826744999315856,
12.833333333333334,22.914285714285715,5.18558747494613,
27.666666666666668,23.104761904761908,5.353864252468785,
35.666666666666664,24.414285714285715,7.144380260888265,
40.833333333333336,26.699999999999996,9.478845843166713,
41.166666666666664,29.08095238095238,10.830920366194006,
40.333333333333336,31.057142857142853,11.521505082456862,
35.8,33.471428571428575,10.249939992081394,
30.0,35.923809523809524,5.391169538672332,
22.75,35.221428571428575,6.786060837711466,
28.5,34.19761904761905,7.233553686936914,
36.25,33.542857142857144,6.722156958885588,
42.4,33.71904761904762,6.966988486529047,
59.0,36.385714285714286,11.809837505434242,
13.833333333333334,33.24761904761905,14.584048962033275,
9.166666666666666,30.271428571428572,17.240979161110968,
15.833333333333334,29.28333333333333,17.928378600957185,
23.333333333333332,28.545238095238094,18.071782573858776,
21.555555555555557,26.446031746031743,17.880070783331142,
25.0,23.960317460317462,16.444310381263936,
31.666666666666668,20.055555555555554,7.6088804517088136,
27.0,21.936507936507933,7.439912147932976,
20.333333333333332,23.53174603174603,5.062963350015377,
15.5,23.484126984126984,5.148286131149324,
13.3,22.05079365079365,6.433527973588835,
18.833333333333332,21.66190476190476,6.549679906553307,
26.5,21.876190476190477,6.699909183622141,
30.2,21.666666666666664,6.356856898627725,
24.0,21.238095238095237,6.030092087357529,
24.0,21.76190476190476,6.097280163878534,
37.888888888888886,24.96031746031746,7.87739605496022,
35.2,28.088888888888885,6.7415699530672635,
32.0,29.96984126984127,5.439947932627715,
33.166666666666664,30.92222222222222,5.313330545098972,
25.333333333333332,30.226984126984124,5.725956556178669,
19.166666666666668,29.536507936507938,6.793838634103977,
19.22222222222222,28.85396825396825,7.631164252094572,
24.833333333333332,26.988888888888887,6.57766516420123,
29.5,26.174603174603174,5.683836422053676,
33.5,26.38888888888889,5.961553778738467,
32.5,26.29365079365079,5.839301557616014,
52.666666666666664,30.1984126984127,11.492521147600412,
39.666666666666664,33.12698412698412,10.80417320900395,
36.833333333333336,35.64285714285714,8.91130605811378,
34.5,37.023809523809526,7.611169041605484,
29.333333333333332,37.0,7.638838383671396,
27.166666666666668,36.095238095238095,8.454046337163,
27.833333333333332,35.42857142857143,8.954027204258589,
20.77777777777778,30.873015873015873,6.497048576980198,
14.333333333333334,27.253968253968257,7.722479155255231,
15.666666666666666,24.23015873015873,7.48684914052039,
26.333333333333332,23.063492063492067,6.133832220335995,
30.166666666666668,23.18253968253968,6.282095719693728,
26.5,23.08730158730159,6.216337920581385,
22.88888888888889,22.38095238095238,5.857746846591674,
21.666666666666668,22.50793650793651,5.8267536588617865,
20.5,23.38888888888889,4.75186772896523,
21.833333333333332,24.26984126984127,3.484154101930241,
29.666666666666668,24.746031746031747,4.002424309432284,
31.166666666666668,24.88888888888889,4.239001745985714,
33.0,25.81746031746032,5.243623826031467,
35.333333333333336,27.5952380952381,6.1213478475659295,
38.0,29.928571428571427,6.580595170973001,
37.166666666666664,32.30952380952381,5.532252715288797,
29.333333333333332,33.38095238095239,3.528605702123471,
33.666666666666664,33.95238095238095,3.1280012043462437,
25.666666666666668,33.166666666666664,4.383259399460982,
20.0,31.309523809523807,6.639129636333561,
16.333333333333332,28.595238095238095,8.376475626141607,
20.166666666666668,26.047619047619044,7.726046786151355,
26.166666666666668,24.476190476190478,6.017281110075617,
18.666666666666668,22.952380952380953,5.932267605376544,
9.0,19.428571428571427,5.83242623332667,
11.333333333333334,17.380952380952383,5.793286572591663,
10.166666666666666,15.976190476190476,6.228242552358328,
17.833333333333332,16.190476190476193,6.268253767278966,
18.833333333333332,16.0,6.1463629715287285,
19.166666666666668,15.0,4.588633299312262,
16.88888888888889,14.746031746031747,4.397068929133395,
24.333333333333332,16.936507936507937,4.853134044399725,
27.833333333333332,19.29365079365079,5.6239049492597415,
50.333333333333336,25.03174603174603,11.828283444423512,
30.0,26.76984126984127,11.483098537773648,
29.5,28.293650793650794,10.949740882633975,
25.333333333333332,29.174603174603174,10.32319437730763,
18.5,29.404761904761905,10.017048958713847,
29.333333333333332,30.119047619047617,9.770379596531432,
32.333333333333336,30.761904761904763,9.742925801554858,
38.166666666666664,29.023809523809522,6.057921483348314,
51.666666666666664,32.11904761904761,10.526735928680331,
20.444444444444443,30.825396825396826,11.420706619230696,
25.333333333333332,30.825396825396826,11.420706619230696,
29.166666666666668,32.34920634920635,10.142133640390542,
27.0,32.01587301587302,10.294966321929614,
25.333333333333332,31.015873015873016,10.594601966516926,
25.166666666666668,29.158730158730158,10.266531813860468,
14.25,23.813492063492067,4.967764251436358,
9.0,22.178571428571427,7.499448833363265,
12.2,20.30238095238095,8.189720457013301,
9.6,17.507142857142856,7.996885140957892,
11.0,15.221428571428572,7.063499777060267,
14.6,13.688095238095238,5.492964475596049,
17.444444444444443,12.584920634920634,3.024057711766301,
21.5,13.620634920634918,4.54728439999782,
24.166666666666668,15.787301587301586,5.493544391589516,
17.833333333333332,16.59206349206349,5.289269027288626,
18.166666666666668,17.815873015873017,4.300477804551938,
9.166666666666666,17.553968253968254,4.810355892189787,
15.0,17.61111111111111,4.771636880413231,
24.5,18.61904761904762,5.430294212848541,
30.666666666666668,19.928571428571427,7.091894919199987,
23.666666666666668,19.857142857142858,7.044454458958456,
21.833333333333332,20.428571428571427,7.015100869669745,
24.666666666666668,21.357142857142858,7.095531047537021,
34.0,24.904761904761905,6.126639722206214,
36.8,28.019047619047623,5.783817051268154,
35.8,29.63333333333333,6.199910393617746,
35.2,30.28095238095238,6.55257532472873,
40.6,32.7,6.823841646375971,
35.0,34.58095238095238,4.861902429923438,
22.5,34.27142857142857,5.609727945190198,
26.8,33.24285714285715,6.28698580213052,
25.2,31.585714285714285,6.707813496569671,
14.75,28.57857142857143,8.872704263773329,
18.8,26.235714285714288,8.997254872353889,
10.2,21.892857142857142,8.210685546460654,
3.25,17.357142857142858,8.526841373540663,
13.333333333333334,16.047619047619047,8.306425606071928,-7.833333333333334
13.5,14.147619047619047,6.826259404704644,-1.333333333333334
5.166666666666667,11.285714285714286,5.488712563841077,-20.23333333333333
4.5,9.821428571428571,5.770492583487654,-24.3
12.666666666666666,8.945238095238096,4.507367572526544,-21.333333333333336
20.77777777777778,10.456349206349206,6.381595215586159,-9.38888888888889
22.5,13.206349206349206,6.886328249136202,-0.16666666666666785
23.333333333333332,14.634920634920636,7.882291003499295,3.333333333333332
12.333333333333334,14.46825396825397,7.922519418277353,-10.666666666666666
11.666666666666666,15.396825396825395,6.9748540533302075,-12.500000000000002
25.5,18.396825396825395,5.947336486821552,4.333333333333332
22.11111111111111,19.746031746031747,5.483970012837943,-14.722222222222225
27.833333333333332,20.753968253968253,6.293805918943415,-15.666666666666668
16.666666666666668,19.92063492063492,6.409215422190397,-20.833333333333332
12.166666666666666,18.325396825396826,6.796227815637644,-13.166666666666666
9.666666666666666,17.944444444444446,7.247817892133593,-6.833333333333334
14.0,18.27777777777778,6.958873897831954,-1.833333333333334
17.0,17.063492063492067,6.1874382044908165,0.33333333333333215
19.4,16.676190476190477,5.896851460131767,-8.100000000000001
19.4,15.471428571428573,3.683618821084596,-6.433333333333334
19.0,15.804761904761904,3.908510589272603,-24.166666666666664
21.333333333333332,17.114285714285714,4.020450368307283,-7.833333333333336
30.666666666666668,20.11428571428571,5.199104522000758,14.939393939393941
30.11111111111111,22.415873015873014,5.592480464204165,6.277777777777779
32.0,24.558730158730157,6.0282111613643075,4.833333333333332
39.833333333333336,27.47777777777778,7.80054603976665,12.333333333333336
27.333333333333332,28.61111111111111,6.962642821639568,1.6190476190476168
20.833333333333332,28.873015873015873,6.5639239028011485,-14.000000000000004
12.833333333333334,27.658730158730158,8.646904615851081,-12.712121212121213
6.5,24.20634920634921,11.574579883127518,-23.0
21.0,22.904761904761905,11.309147863425705,-17.333333333333336
23.333333333333332,21.666666666666664,10.599615646420993,-7.833333333333336
21.666666666666668,19.071428571428573,7.034871568793489,-21.666666666666668
28.5,19.238095238095237,7.273020376489149,-15.666666666666664
24.666666666666668,19.785714285714285,7.552111726821344,-4.333333333333332
17.333333333333332,20.428571428571427,7.0355296352640115,-4.5
18.833333333333332,22.190476190476193,3.737235772189392,-6.0
22.833333333333332,22.452380952380956,3.7039946975633664,-6.666666666666668
26.333333333333332,22.88095238095238,3.98575505848568,-6.166666666666668
30.833333333333332,24.190476190476193,4.917305581301099,-6.5000000000000036
26.333333333333332,23.88095238095238,4.66241302740287,-17.083333333333332
21.75,23.46428571428571,4.710571528698497,-17.416666666666664
16.666666666666668,23.36904761904762,4.859568916366021,-11.833333333333332
17.833333333333332,23.226190476190474,5.026944594649192,-5.666666666666668
58.4,28.307142857142857,14.188910175121718,26.73333333333333
20.4,27.45952380952381,14.500280511791336,-6.933333333333334
23.8,26.454761904761902,14.471186935519562,3.383333333333333
21.571428571428573,25.774489795918367,14.589290115746463,-11.761904761904763
22.0,25.810204081632655,14.578097972753037,-6.833333333333332
25.8,27.11496598639456,14.021439805328425,-2.5333333333333314
30.0,28.8530612244898,13.420336163469432,4.166666666666668
61.0,29.224489795918366,14.37631677325647,35.5
33.0,31.024489795918367,13.867069871539485,9.666666666666668
6.857142857142857,28.60408163265306,16.55612946133623,-3.6428571428571432
9.0,26.80816326530612,18.0597023072,-10.666666666666668
3.8,24.208163265306123,20.065950543998877,-20.366666666666667
6.6,21.465306122448975,21.097807309647735,-14.9
7.6,18.26530612244898,21.285482352751867,-19.233333333333334
9.5,10.908163265306124,9.917276402027392,-15.75
9.166666666666666,7.503401360544218,1.9979557093495375,-21.0
12.6,8.323809523809524,2.7324330689317837,-19.9
15.25,9.216666666666667,3.8020097024835744,-11.416666666666668
18.0,11.245238095238095,4.197868884875344,1.5
11.5,11.945238095238096,3.669452404975751,-27.1
6.0,11.716666666666667,4.018464328018469,-6.181818181818182
10.285714285714286,11.82891156462585,3.9567274886990185,-14.714285714285714
19.666666666666668,13.328911564625852,4.699769704673756,-3.333333333333332
23.333333333333332,14.862244897959183,5.994808542135717,-0.16666666666666785
5.5,13.469387755102039,6.946789367620693,-26.666666666666664
3.3333333333333335,11.374149659863946,7.539123383013514,-28.333333333333336
6.666666666666667,10.683673469387754,7.744218752738874,-14.5
13.555555555555555,11.763038548752833,7.505478568672017,-13.111111111111112
10.666666666666666,11.817460317460318,7.494354135970975,-19.5
9.333333333333334,10.34126984126984,6.6620685200988214,-24.166666666666664
14.5,9.079365079365079,4.156389441840276,-19.5
23.666666666666668,11.674603174603176,6.538146105537552,-8.666666666666668
17.666666666666668,13.722222222222223,5.678364831577408,-12.083333333333332
11.777777777777779,14.452380952380953,4.8944022543510775,-16.555555555555554
6.333333333333333,13.420634920634923,5.793590997734591,-10.833333333333336
8.833333333333334,13.15873015873016,5.977360285179178,-19.166666666666664
7.666666666666667,12.920634920634923,6.184729730086554,-24.333333333333332
14.5,12.920634920634923,6.184729730086554,-9.833333333333332
19.0,12.253968253968255,4.964468104702818,-7.09090909090909
15.222222222222221,11.904761904761903,4.592299231115335,-13.11111111111111
16.5,12.579365079365079,4.906623677060488,-8.666666666666668
25.333333333333332,15.293650793650793,6.007344123780323,8.76190476190476
24.666666666666668,17.555555555555554,6.148622248565663,14.166666666666668
9.666666666666666,17.841269841269842,5.637764764017087,-3.833333333333334
6.333333333333333,16.674603174603174,7.099848471940521,-11.5
13.333333333333334,15.865079365079364,7.11355984624212,-5.333333333333334
16.666666666666668,16.071428571428573,7.112754026484469,-9.166666666666664
16.5,16.071428571428573,7.112754026484469,-9.166666666666668
30.0,16.738095238095237,8.252865463570183,10.666666666666668
15.166666666666666,15.380952380952381,7.476329490164533,-13.666666666666666
21.6,17.085714285714285,7.314973409304857,-7.149999999999999
23.142857142857142,19.487074829931974,5.798887423124884,-15.190476190476193
21.6,20.668027210884354,5.141270121303728,-11.566666666666663
15.6,20.515646258503402,5.293194131526591,-16.4
17.8,20.70136054421769,5.14968147624407,-26.866666666666664
23.0,19.70136054421769,3.438370822053077,-16.833333333333336
27.8,21.506122448979593,3.9403620223098756,-6.783333333333335
19.666666666666668,21.229931972789114,3.9999902818153306,-20.333333333333332
21.0,20.923809523809524,3.910182068590257,-4.666666666666668
20.833333333333332,20.814285714285717,3.8988059493502374,-7.333333333333336
26.5,22.371428571428574,3.6370739445751985,3.166666666666668
25.5,23.47142857142857,3.1567346332839596,10.666666666666666
30.333333333333332,24.51904761904762,4.0614199826086805,16.333333333333332
28.0,24.547619047619044,4.088957901419082,1.6000000000000014
33.0,26.452380952380953,4.51921236757924,8.2
37.4,28.795238095238094,5.3888577973248655,19.599999999999998
40.2,31.561904761904763,5.587699074966501,21.6
30.333333333333332,32.10952380952381,5.182045723804298,13.333333333333332
26.833333333333332,32.3,4.916299421312794,8.75
28.88888888888889,32.093650793650795,5.04132656599174,13.88888888888889
26.666666666666668,31.9031746031746,5.242932590800306,2.166666666666668
32.5,31.831746031746032,5.2288863254603335,2.166666666666668
29.333333333333332,30.67936507936508,4.654536388804965,-8.833333333333332
30.333333333333332,29.269841269841265,2.0639041102646805,-4.0000000000000036
26.2,28.67936507936508,2.288029581338488,-5.800000000000001
16.875,27.25674603174603,5.05270164083066,-17.958333333333336
14.4,25.186904761904763,6.901945272528189,-13.6
13.2,23.26309523809524,8.179343699820242,-16.633333333333333
10.833333333333334,20.167857142857144,8.200864380496874,-18.166666666666664
7.0,16.97738095238095,8.38309409075148,-29.5
6.666666666666667,13.596428571428572,6.702873653265526,-27.06060606060606
9.777777777777779,11.250396825396825,3.802983866318519,-20.72222222222222
11.166666666666666,10.434920634920633,2.9009181785532365,-14.333333333333334
18.333333333333332,10.996825396825397,3.9779573427592565,-12.0
22.833333333333332,12.373015873015873,6.0129929865322165,-7.566666666666666
19.0,13.53968253968254,6.441467566414661,-5.800000000000001
22.166666666666668,15.706349206349204,6.425876370209854,-8.015151515151516
28.77777777777778,18.865079365079364,6.671514991880846,-2.0555555555555536
31.0,21.896825396825395,6.675721364161564,-1.0
19.166666666666668,23.039682539682538,5.009426739760112,-8.333333333333332
23.166666666666668,23.73015873015873,4.56609311657209,-3.1666666666666643
23.666666666666668,23.84920634920635,4.549647737202138,-3.833333333333332
25.5,24.77777777777778,4.0284482200630345,1.3999999999999986
23.666666666666668,24.992063492063494,3.9043908715191464,-7.166666666666664
21.5,23.952380952380956,3.6914745193465435,-8.071428571428573
22.0,22.666666666666668,2.0138409955992707,7.5
16.833333333333332,22.333333333333336,2.748737083745238,-2.3333333333333357
16.166666666666668,21.333333333333332,3.551212625443858,-12.0
12.333333333333334,19.714285714285715,4.7059008325190455,-14.666666666666666
11.555555555555555,17.72222222222222,4.79904825955436,-21.27777777777778
14.5,16.41269841269841,4.107462988827342,-22.5
15.666666666666666,15.579365079365079,3.4409864874851808,-13.666666666666666
18.666666666666668,15.103174603174605,2.5087149685948256,-3.833333333333332
16.333333333333332,15.031746031746033,2.457845660534086,-3.0
10.666666666666666,14.246031746031745,2.877802291983763,-11.242424242424244
13.444444444444445,14.404761904761907,2.7838293868810595,-14.722222222222223
13.333333333333334,14.65873015873016,2.5520161825742576,-22.33333333333333
16.5,14.944444444444445,2.641665206215456,-21.666666666666664
24.666666666666668,16.23015873015873,4.551537135938204,-11.833333333333332
26.0,17.27777777777778,5.861308580138553,-3.833333333333332
25.0,18.515873015873016,6.508202665869904,6.454545454545453
17.22222222222222,19.452380952380956,5.598576811680391,-0.11111111111111072
14.666666666666666,19.626984126984127,5.3953487709127,-2.833333333333334
9.333333333333334,19.055555555555554,6.3076966506830265,-12.333333333333334
15.333333333333334,18.88888888888889,6.401195875926322,-9.499999999999998
18.333333333333332,17.984126984126984,5.874345623806737,-9.166666666666668
15.666666666666666,16.50793650793651,4.70655664844371,-13.333333333333334
6.777777777777778,13.904761904761903,4.243333464950484,-16.365079365079364
13.166666666666666,13.325396825396826,3.9838186815515164,-5.333333333333334
14.0,13.230158730158731,3.954269007824872,-9.666666666666668
18.0,14.46825396825397,3.8870176904117746,-14.333333333333336
12.166666666666666,14.015873015873014,3.953265343776936,-26.16666666666667
18.5,14.03968253968254,3.983984693595296,-19.5
20.11111111111111,14.674603174603174,4.593947146205434,-8.722222222222221
16.833333333333332,16.11111111111111,3.013344804960282,-6.833333333333336
15.833333333333334,16.49206349206349,2.7347460538113677,-7.666666666666666
25.833333333333332,18.18253968253968,4.201547124135636,-7.833333333333332
31.166666666666668,20.06349206349206,6.451180114345415,-1.4999999999999964
28.5,22.396825396825395,6.060941248547373,-3.3999999999999986
21.0,22.753968253968253,5.8634897001568635,-8.166666666666668
20.166666666666668,22.761904761904763,5.859352402954733,-7.5
18.5,23.0,5.60670894421906,-6.5
24.666666666666668,24.261904761904763,4.634669214750882,-0.5
26.5,24.357142857142858,4.678980352903608,-10.666666666666664
23.0,23.190476190476193,3.5893729095203657,-10.700000000000003
23.5,22.476190476190478,2.757865135538885,-2.166666666666668
26.833333333333332,23.309523809523814,3.097831636251664,-1.5
23.833333333333332,23.833333333333332,2.7705461421760784,-4.333333333333336
22.0,24.333333333333332,1.7898892992876787,-2.5
27.666666666666668,24.761904761904763,2.196076347204752,5.5
44.166666666666664,27.285714285714285,7.723050086947743,11.348484848484844
46.0,30.571428571428573,10.117301436637604,11.666666666666664
25.166666666666668,30.809523809523807,9.941229417332814,10.333333333333334
24.666666666666668,30.5,10.117824389184234,4.833333333333336
24.166666666666668,30.547619047619047,10.081939428775774,2.5
24.666666666666668,30.928571428571427,9.750050874918193,2.8333333333333357
28.166666666666668,31.0,9.72396809720993,8.803030303030305
26.11111111111111,28.42063492063492,7.866612859649239,-1.2222222222222214
21.166666666666668,24.873015873015873,2.1129899742767555,0.0
23.166666666666668,24.587301587301592,2.2000881816544196,0.16666666666666785
25.166666666666668,24.658730158730158,2.2111828974549463,2.5
29.333333333333332,25.396825396825395,2.8027449382191962,2.0
23.5,25.230158730158728,2.886827714021347,-4.954545454545453
26.555555555555557,25.0,2.669751302361645,1.3888888888888893
24.833333333333332,24.81746031746032,2.624417294861266,2.333333333333332
24.5,25.293650793650794,2.1020062642860515,-1.8333333333333321
28.166666666666668,26.00793650793651,2.1082896768596213,4.0
30.5,26.76984126984127,2.648166648102185,5.666666666666668
26.666666666666668,26.388888888888886,2.3979157616565323,0.06666666666666643
23.22222222222222,26.34920634920635,2.455302962899809,-3.7777777777777786
30.0,26.841269841269842,2.8214034557854877,4.0
29.333333333333332,27.484126984126984,2.80022674818856,5.833333333333332
27.833333333333332,27.96031746031746,2.4724228561357147,2.333333333333332
30.5,28.29365079365079,2.6553994773819927,3.333333333333332
28.666666666666668,28.03174603174603,2.4865599931729188,4.3939393939393945
30.333333333333332,28.555555555555554,2.5367666792959165,7.5
27.666666666666668,29.190476190476193,1.1643968850099853,6.666666666666668
45.833333333333336,31.452380952380956,6.437530500261714,27.833333333333336
32.666666666666664,31.928571428571427,6.377664398085248,10.833333333333332
28.6,32.03809523809524,6.301746629468013,5.433333333333334
28.6,31.76666666666667,6.418866866655884,1.37777777777778
29.375,31.86785714285714,6.367227339643989,0.375
29.4,31.73452380952381,6.414314916385204,5.066666666666666
26.6,31.582142857142856,6.538526189857361,3.2666666666666693
27.6,28.97738095238096,1.9053209745011093,4.766666666666669
21.2,27.339285714285715,2.8831354872943558,-7.966666666666669
21.0,26.25357142857143,3.6565132689100275,-9.777777777777779
14.222222222222221,24.199603174603176,5.626376472775766,-12.11111111111111
15.666666666666666,22.241269841269844,5.90363532519674,-11.833333333333334
18.4,20.66984126984127,5.088216494013187,-14.933333333333337
29.4,21.06984126984127,5.704801653411156,-1.7666666666666693
24.8,20.66984126984127,5.250709198760473,-4.033333333333331
24.4,21.126984126984127,5.440432600290866,-15.399999999999999
24.375,21.609126984126984,5.575184470338864,-8.791666666666664
26.8,23.405952380952378,4.765760195194048,-1.1999999999999993
22.8,24.425,3.4028480718364102,-6.033333333333331
21.6,24.882142857142856,2.572074158377097,-8.566666666666666
8.6,21.910714285714285,6.090769264887319,-15.233333333333333
8.8,19.625,7.63278291319757,-10.3
19.285714285714285,18.89438775510204,7.33864406219068,-7.0476190476190474
26.166666666666668,19.15034013605442,7.588637654070008,-0.33333333333333215
24.333333333333332,18.79795918367347,7.222666229405733,-0.5
22.333333333333332,18.731292517006803,7.1816069852066855,-2.166666666666668
22.5,18.859863945578233,7.249262405278326,-4.0
24.666666666666668,21.155102040816328,5.872083060075144,5.766666666666669
31.22222222222222,24.35827664399093,3.736402599771056,18.388888888888886
38.666666666666664,27.126984126984127,5.903433670376069,10.999999999999996
37.666666666666664,28.76984126984127,7.075462480443952,2.0
33.833333333333336,30.126984126984127,6.993288543745741,-7.0
30.833333333333332,31.341269841269842,6.094711038720655,-10.333333333333332
12.5,29.91269841269841,8.994560378479713,-27.833333333333336
13.666666666666666,28.341269841269842,10.836202306310138,-22.133333333333333
18.333333333333332,26.5,11.348029687032833,-11.666666666666668
23.5,24.333333333333332,10.006479382361725,0.75
25.833333333333332,22.642857142857142,8.218333486237093,-2.666666666666668
30.0,22.095238095238095,7.439171314149881,-6.25
30.0,21.976190476190478,7.281018301942946,-12.399999999999999
24.375,23.672619047619047,5.970627786424291,-34.625
29.166666666666668,25.886904761904763,4.274623270012204,15.333333333333334
35.833333333333336,28.386904761904763,4.237912705628784,26.66666666666667
29.333333333333332,29.220238095238095,3.6494794692978068,13.499999999999998
27.25,29.422619047619044,3.464972590499218,3.916666666666668
28.166666666666668,29.160714285714285,3.4832958340809457,6.611111111111111
26.0,28.589285714285715,3.6469187726617007,1.0
23.0,28.392857142857142,3.937213918388767,-8.666666666666668
16.833333333333332,26.63095238095238,5.835288787891824,-10.166666666666668
20.666666666666668,24.464285714285715,4.515369110167958,0.3333333333333357
21.833333333333332,23.392857142857142,4.031333952819367,6.333333333333332
25.166666666666668,23.0952380952381,3.7673759691756903,11.866666666666667
30.77777777777778,23.46825396825397,4.425056920288845,11.944444444444446
41.8,25.725396825396825,8.281174332455256,15.299999999999997
38.166666666666664,27.892063492063492,9.362722060058093,7.966666666666665
36.333333333333336,30.67777777777778,8.372589020940953,12.333333333333336
35.5,32.7968253968254,7.2134183214389616,11.5
38.833333333333336,35.22539682539683,5.585039224511364,0.94444444444445
33.2,36.37301587301587,3.671079595544898,-2.0
35.6,37.06190476190476,2.7937382742437133,3.6000000000000014
28.6,35.17619047619048,3.442206133976258,-4.566666666666663
17.2,32.180952380952384,7.331359763293348,-8.133333333333333
15.2,29.16190476190476,9.396816414624658,-3.9666666666666686
22.2,27.26190476190476,9.245067324864134,2.977777777777778
26.11111111111111,25.444444444444446,7.7150486264600175,1.2777777777777786
42.8,26.815873015873017,9.874485676334473,13.299999999999997
29.333333333333332,25.920634920634917,9.20687573754319,-4.166666666666668
30.0,26.12063492063492,9.28961415866837,-2.5
21.833333333333332,26.78253968253968,8.69404000276428,-30.833333333333332
25.333333333333332,28.23015873015873,7.150684776226685,-14.333333333333332
28.4,29.115873015873014,6.645403922867338,-8.433333333333337
23.666666666666668,28.76666666666667,6.889363782914498,-10.833333333333332
44.5,29.00952380952381,7.471841319140373,15.166666666666668
40.166666666666664,30.557142857142857,8.588573681560783,12.999999999999996
37.333333333333336,31.604761904761908,8.948979428081923,9.500000000000004
37.833333333333336,33.89047619047619,8.033764725293887,17.055555555555557
29.9,34.54285714285714,7.382053169322862,15.566666666666665
32.833333333333336,35.17619047619048,6.94440126970711,17.16666666666667
38.0,37.22380952380952,4.752259278908193,11.666666666666668
39.833333333333336,36.55714285714286,3.791643554787502,9.666666666666668
36.0,35.96190476190476,3.441437499576712,9.5
36.333333333333336,35.81904761904762,3.395468502166836,13.444444444444446
28.4,34.471428571428575,4.231776991753848,6.733333333333331
21.333333333333332,33.24761904761905,6.437846923923691,0.8333333333333321
17.833333333333332,31.104761904761908,8.698284815419614,-4.0
24.0,29.104761904761908,8.454725362327364,-5.666666666666668
21.166666666666668,26.438095238095237,7.382723289857457,-10.0
24.833333333333332,24.842857142857138,6.060244289346869,-8.166666666666668
25.555555555555557,23.303174603174604,3.4699160595492646,-9.777777777777779
29.166666666666668,23.41269841269841,3.664260875011704,-8.833333333333332
72.33333333333333,30.6984126984127,18.698904512894973,35.166666666666664
38.333333333333336,33.62698412698413,17.938042496512896,9.000000000000004
33.333333333333336,34.96031746031746,17.443256455352497,-0.3333333333333286
34.333333333333336,36.84126984126984,16.38579470387696,8.666666666666668
35.3,38.336507936507935,15.564384682560954,15.299999999999997
41.333333333333336,40.59047619047619,14.511868888063297,25.000000000000004
37.666666666666664,41.804761904761904,13.731289337797369,17.499999999999996
35.166666666666664,36.49523809523809,2.769572006742201,8.999999999999996
31.0,35.44761904761905,3.2954433829073744,12.333333333333332
25.0,34.25714285714286,5.1627122603917,16.0
31.0,33.78095238095238,5.306245695993004,19.666666666666664
36.666666666666664,33.976190476190474,5.395839078871817,26.5
34.0,32.92857142857143,4.337452254894909,16.166666666666668
34.166666666666664,32.42857142857143,3.8775912994686714,15.333333333333332
26.833333333333332,31.238095238095237,4.165396631838308,7.666666666666664
35.833333333333336,31.928571428571427,4.506021837966795,18.944444444444446
37.5,33.714285714285715,3.7089909350946995,13.166666666666668
30.0,33.57142857142857,3.8476269055397894,2.166666666666668
13.5,30.261904761904763,8.220264674738404,-36.833333333333336
17.166666666666668,27.857142857142858,9.33156162322486,-12.833333333333332
10.0,24.4047619047619,10.940011994228477,-19.5
17.333333333333332,23.047619047619047,11.17525137910749,-8.0
66.4,27.414285714285715,19.713774627222225,47.900000000000006
28.166666666666668,26.08095238095238,19.22757334453772,-1.1666666666666643
21.833333333333332,24.914285714285715,19.197886237261557,-10.500000000000004
23.833333333333332,26.390476190476193,18.560628524296582,-14.333333333333332
23.0,27.22380952380953,18.205022854774388,-28.666666666666664
21.333333333333332,28.842857142857145,16.873184009674624,0.8888888888888893
14.444444444444445,28.43015873015873,17.233102553897766,-10.888888888888888
21.333333333333332,21.992063492063494,4.090467259200267,-7.833333333333336
27.5,21.896825396825395,3.9272484544882937,0.5
23.166666666666668,22.08730158730159,3.9558854865078685,-2.1666666666666643
19.166666666666668,21.42063492063492,4.005507672038417,-6.0
22.166666666666668,21.3015873015873,3.9629011516714754,7.916666666666668
23.5,21.61111111111111,4.049462698698236,14.5
28.5,23.61904761904762,3.323198879641595,16.3
34.333333333333336,25.476190476190478,5.028095666526891,24.733333333333334
30.333333333333332,25.880952380952383,5.323527692230743,19.333333333333332
31.5,27.071428571428577,5.54264372577744,16.9
27.333333333333332,28.238095238095237,4.327835340000743,9.88888888888889
26.0,28.785714285714285,3.615443067098308,4.5
33.833333333333336,30.261904761904763,3.181045051401876,9.666666666666668
20.333333333333332,29.0952380952381,4.943998553106823,2.5
30.833333333333332,28.595238095238095,4.481295636533169,12.666666666666664
31.666666666666668,28.785714285714285,4.594395020943047,22.5
33.333333333333336,29.047619047619044,4.82155104684739,18.333333333333336
29.3,29.32857142857143,4.761941269701396,4.800000000000001
27.0,29.47142857142857,4.659336646929333,-3.666666666666668
28.0,28.63809523809524,4.253122102532239,4.333333333333332
32.833333333333336,30.423809523809524,2.409834348519071,11.000000000000004
38.4,31.50476190476191,3.8754893870863336,13.73333333333333
18.8,29.666666666666664,6.162400927007741,-15.2
9.125,26.208333333333332,9.597276089252292,-27.674999999999997
9.4,23.36547619047619,11.32132986537514,-26.4
9.833333333333334,20.91309523809524,12.225962676198074,-25.366666666666667
17.833333333333332,19.46071428571429,11.841592104587477,-22.76666666666667
21.666666666666668,17.86547619047619,10.404851553316877,-13.333333333333332
28.833333333333332,16.498809523809523,7.473490849408339,6.333333333333332
30.7,18.198809523809523,9.230987002035365,3.8999999999999986
31.166666666666668,21.347619047619048,9.378104071657342,5.966666666666669
32.166666666666664,24.599999999999998,8.445445847056021,17.416666666666664
30.833333333333332,27.6,5.564071251241245,12.033333333333331
14.5,27.123809523809523,6.58771905351486,4.300000000000001
15.833333333333334,26.29047619047619,7.672696041826816,12.583333333333334
19.2,24.914285714285715,7.997635232502766,5.866666666666665
21.333333333333332,23.576190476190476,7.6440418406348245,7.833333333333332
14.0,21.12380952380952,7.556202119860909,8.833333333333332
13.166666666666666,18.40952380952381,6.223304894469147,8.666666666666666
20.666666666666668,16.95714285714286,3.3752758068766044,8.000000000000002
19.666666666666668,17.695238095238096,3.312737961902903,-1.1111111111111107
8.5,16.64761904761905,4.817478099389239,-14.0
17.0,16.333333333333336,4.693375946776209,-6.333333333333332
21.166666666666668,16.309523809523807,4.664114948622938,8.833333333333334
24.666666666666668,17.833333333333332,5.458598382029594,13.000000000000002
21.0,18.952380952380956,5.135852813991462,-4.5
21.166666666666668,19.023809523809526,5.167050676973528,-0.9444444444444429
23.2,19.52857142857143,5.40731427041628,-4.633333333333333
23.666666666666668,21.695238095238096,2.518849573635407,7.0
29.0,23.40952380952381,2.8522060523530897,16.833333333333336
32.833333333333336,25.07619047619048,4.342499463132028,23.16666666666667
27.833333333333332,25.52857142857143,4.456182911143408,13.833333333333332
23.666666666666668,25.90952380952381,4.104636686485511,6.666666666666668
26.11111111111111,26.615873015873014,3.5388720689342064,6.711111111111112
14.666666666666666,25.3968253968254,5.713354200970735,-4.7333333333333325
8.333333333333334,23.206349206349206,8.664453319324396,-10.666666666666666
6.166666666666667,19.944444444444446,10.269215652787546,-15.166666666666664
15.0,17.396825396825395,8.618123105141798,-15.666666666666668
18.166666666666668,16.015873015873016,7.34795920029301,-11.944444444444443
11.7,14.306349206349207,6.6280947648354935,-20.3
19.0,13.29047619047619,4.813934799513558,-20.833333333333336
19.666666666666668,14.004761904761907,5.388789067967594,-7.666666666666664
17.833333333333332,15.361904761904762,4.8961598168749045,-3.0
23.5,17.83809523809524,3.710117726565196,10.666666666666666
25.666666666666668,19.36190476190476,4.464071740903856,19.166666666666668
21.4,19.823809523809526,4.487006520301416,0.3999999999999986
9.166666666666666,19.46190476190476,5.2830065994808875,-14.166666666666666
13.666666666666666,18.7,5.726675721115579,-8.000000000000002
15.0,18.03333333333333,5.865340759258748,-13.5
10.0,16.914285714285715,6.609865162037507,-14.666666666666668
4.0,14.12857142857143,7.42998002518194,-13.333333333333332
4.7,11.133333333333331,6.112797747046394,-14.133333333333333
10.5,9.576190476190476,4.1275817638092,-12.333333333333332
12.666666666666666,10.076190476190476,4.2789196579455115,-13.666666666666666
10.0,9.552380952380952,3.980129215418467,-20.833333333333332
12.6,9.20952380952381,3.5080180267765866,-13.733333333333333
12.6,9.58095238095238,3.7359047267005057,-9.15
16.22222222222222,11.326984126984128,3.5440314234157033,-0.4444444444444464
19.8,13.484126984126984,3.4317919178171588,1.9666666666666686
25.0,15.555555555555555,5.233510258863474,-33.4
20.0,16.603174603174605,5.2924891041085065,-0.3999999999999986
21.666666666666668,18.26984126984127,4.666462580571373,-2.133333333333333
23.166666666666668,19.77936507936508,4.213794847806465,1.595238095238095
10.5,19.479365079365078,4.8385558356761615,-11.5
5.833333333333333,17.995238095238097,7.078800603874768,-19.96666666666667
4.666666666666667,15.833333333333332,8.586164581594149,-25.333333333333332
9.333333333333334,13.595238095238097,7.804828243808016,-51.666666666666664
19.0,13.45238095238095,7.676150104269706,-14.0
21.166666666666668,13.380952380952381,7.588804061902408,14.30952380952381
17.6,12.585714285714287,6.6226003940170886,8.600000000000001
17.666666666666668,13.609523809523811,6.798058390716962,13.866666666666667
19.333333333333332,15.538095238095238,6.103806601331221,12.733333333333333
16.666666666666668,17.252380952380953,3.7871056642466447,9.066666666666668
24.166666666666668,19.37142857142857,2.57282296114946,14.666666666666668
20.333333333333332,19.561904761904763,2.5900399375891445,11.166666666666666
8.5,17.752380952380953,4.780510477269155,-4.1
6.666666666666667,16.19047619047619,6.362817751236423,-8.583333333333332
9.5,15.023809523809522,6.781939913823218,-8.5
17.166666666666668,14.714285714285714,6.599462860938723,5.666666666666668
17.0,14.761904761904763,6.617077473153368,11.0
11.5,12.952380952380953,5.19589785285987,1.2142857142857135
11.7,11.71904761904762,4.050233516032222,-7.966666666666669
19.833333333333332,13.338095238095237,4.753183283100986,-3.5
21.333333333333332,15.433333333333334,4.550498548185305,15.833333333333332
18.166666666666668,16.67142857142857,3.781065329567141,14.833333333333334
19.166666666666668,16.95714285714286,3.8984666637079246,12.5
20.0,17.385714285714286,4.065293809383704,6.444444444444445
19.3,18.5,3.1488387042185875,8.633333333333335
41.833333333333336,22.804761904761904,8.445696440187072,32.5
23.666666666666668,23.35238095238096,8.344589223692774,9.166666666666668
18.6,22.961904761904766,8.51698582944975,-5.066666666666666
17.4,22.85238095238095,8.593512995769881,-0.26666666666666927
53.0,27.685714285714287,13.993197515920992,41.22222222222222
23.444444444444443,28.177777777777777,13.736088360839519,17.11111111111111
29.4,29.620634920634924,13.166793918077767,20.566666666666663
25.333333333333332,27.263492063492063,12.045226355454899,17.666666666666664
28.166666666666668,27.906349206349205,11.940900175521291,13.666666666666668
14.333333333333334,27.296825396825394,12.586557455135589,-4.666666666666666
14.0,26.811111111111106,13.087752261532914,-1.2222222222222214
15.8,21.496825396825393,6.65120031336193,-0.6999999999999993
20.166666666666668,21.02857142857143,6.606462284410932,-5.166666666666664
24.333333333333332,20.304761904761904,5.759707701284236,-0.3333333333333357
21.666666666666668,19.78095238095238,5.3804122498964775,12.000000000000002
17.166666666666668,18.209523809523812,3.9353438498981483,10.833333333333336
5.833333333333333,16.995238095238097,6.065550219963508,-7.500000000000001
4.6,15.652380952380952,7.668039904619418,-12.066666666666668
13.166666666666666,15.276190476190477,7.72398175683332,-3.333333333333334
17.666666666666668,14.91904761904762,7.515141681788457,-12.333333333333332
23.166666666666668,14.752380952380955,7.280843895503293,8.000000000000002
16.5,14.014285714285714,6.701958175506846,-5.100000000000001
13.6,13.504761904761905,6.556349158313178,-9.542857142857143
11.444444444444445,14.306349206349207,5.7563093212372936,-10.155555555555557
15.8,15.906349206349207,3.8494233288541326,0.20000000000000107
23.8,17.425396825396827,4.610851015804674,6.0
23.6,18.273015873015872,5.173618807920127,0.6000000000000014
26.666666666666668,18.773015873015872,5.85026416744784,-1.1333333333333329
29.5,20.63015873015873,6.965537489816991,9.833333333333332
20.7,21.644444444444446,6.251567704618762,-0.3000000000000007
13.0,21.866666666666667,5.842849380986053,-7.833333333333332
7.666666666666667,20.704761904761906,7.748319496926746,-18.833333333333332
12.666666666666666,19.11428571428571,8.139839318253411,-12.833333333333334
19.666666666666668,18.552380952380954,7.9111233725605,-10.666666666666664
21.666666666666668,17.83809523809524,7.254894352331537,-6.333333333333332
24.9,17.18095238095238,6.146117628614167,-8.100000000000001
21.666666666666668,17.319047619047616,6.248373333289973,-15.73333333333333
24.833333333333332,19.00952380952381,6.481504006007726,-15.36666666666667
26.833333333333332,21.74761904761905,4.692738959477621,-3.5
20.333333333333332,22.842857142857145,2.6854694248392126,-6.5
17.666666666666668,22.557142857142853,3.1465274384049358,-11.222222222222221
18.2,22.061904761904763,3.5561854600758958,-8.466666666666669
19.0,21.21904761904762,3.469542457979873,-13.5
42.333333333333336,24.17142857142857,8.725663056020215,13.000000000000004
21.166666666666668,23.64761904761905,8.789131696523624,-9.166666666666664
20.5,22.74285714285714,8.732330610071866,-5.699999999999999
29.5,24.052380952380954,8.994172128391392,12.625
28.6,25.61428571428571,8.642891687368127,14.200000000000001
33.4,27.785714285714285,8.374937415860323,20.2
32.2,29.67142857142857,7.508252954839961,21.366666666666667
25.0,27.195238095238096,5.1124187423200995,18.0
20.0,27.02857142857143,5.3549709883168095,13.333333333333332
14.25,26.135714285714283,6.917894325932008,4.472222222222221
18.22222222222222,24.524603174603175,7.306147601093185,7.055555555555555
23.6,23.81031746031746,7.082294352684037,5.266666666666669
26.4,22.81031746031746,5.897708654395725,3.5666666666666664
30.6,22.581746031746032,5.490068393928969,11.600000000000001
31.5,23.51031746031746,6.435535371690719,9.333333333333332
20.8,23.624603174603177,6.369572939815222,-7.977777777777778
18.22222222222222,24.19206349206349,5.51478638758084,-12.777777777777779
17.4,24.074603174603173,5.669711289148066,-1.7666666666666693
17.6,23.217460317460315,6.183663121027574,-5.566666666666666
16.6,21.81746031746032,6.4468126464214945,-7.066666666666666
18.4,20.074603174603173,5.206590925476649,-7.100000000000001
17.2,18.03174603174603,1.363960412568722,-6.466666666666669
12.666666666666666,16.86984126984127,1.9507697571734475,-8.833333333333334
13.8,16.238095238095237,2.1460927952244195,-8.2
19.4,16.523809523809526,2.4396200588915313,2.5666666666666664
30.2,18.323809523809523,5.757755294535016,14.033333333333331
33.166666666666664,20.690476190476186,7.927185159327656,20.83333333333333
25.5,21.704761904761906,8.038712550582936,13.944444444444445
23.7,22.633333333333333,7.80360790252153,9.2
15.5,23.038095238095234,7.254664618723524,-0.16666666666666607
14.666666666666666,23.16190476190476,7.075922360277667,-4.000000000000002
21.5,23.46190476190476,6.932917417317484,5.166666666666668
25.833333333333332,22.83809523809524,6.401690418291126,15.166666666666666
23.5,21.457142857142856,4.588016366567837,10.055555555555555
26.88888888888889,21.65555555555556,4.8163430623064345,13.555555555555555
27.0,22.126984126984127,5.1963221290091814,10.5
21.666666666666668,23.007936507936506,4.337299771997496,-3.0
17.666666666666668,23.43650793650794,3.428791880037922,-8.333333333333332
22.0,23.50793650793651,3.386676352942063,-3.0
22.5,23.03174603174603,3.236217553941268,5.277777777777779
26.4,23.446031746031743,3.482409816565491,11.733333333333333
26.0,23.31904761904762,3.3496189469770017,16.666666666666664
17.166666666666668,21.914285714285715,3.6011241631045428,1.833333333333334
14.166666666666666,20.842857142857145,4.650038402299194,-4.166666666666666
11.166666666666666,19.91428571428571,5.877101110268353,-4.5
22.333333333333332,19.96190476190476,5.898129916162966,15.555555555555554
21.6,19.833333333333332,5.843134622976119,8.433333333333335
19.166666666666668,18.8,5.077765621186517,5.166666666666668
21.833333333333332,18.204761904761906,4.273624039835791,3.833333333333332
26.166666666666668,19.49047619047619,5.1692364321053565,14.000000000000002
39.666666666666664,23.133333333333333,8.623310355164174,21.166666666666664
45.0,27.966666666666665,10.145533591283028,24.88888888888889
47.2,31.51904761904762,12.023878359067487,30.36666666666667
44.5,34.79047619047619,11.990578311906772,28.666666666666664
37.833333333333336,37.457142857142856,9.81513786031211,12.000000000000004
36.5,39.55238095238095,7.119271111850021,5.333333333333332
35.833333333333336,40.93333333333333,4.5718138065195335,7.333333333333336
33.0,39.98095238095238,5.483201860729162,12.0
20.1,36.423809523809524,8.773839783713028,-0.06666666666666643
23.666666666666668,33.06190476190476,8.45954268467647,5.166666666666668
27.5,30.633333333333333,6.930635158750195,2.833333333333332
29.5,29.442857142857147,6.16070926309132,3.0
27.6,28.171428571428574,5.322956174332356,4.600000000000001
30.2,27.366666666666667,4.298837052040991,6.699999999999999
25.1,26.23809523809524,3.5441881780275533,-1.7333333333333307
22.833333333333332,26.62857142857143,2.834798874009425,-1.0
22.166666666666668,26.41428571428571,3.1366328456588675,0.16666666666666785
28.666666666666668,26.58095238095238,3.233439697154212,1.0
29.666666666666668,26.604761904761904,3.2590289721434345,-14.499999999999996
44.333333333333336,28.995238095238097,7.4948730271514465,-1.6666666666666643
64.0,33.82380952380952,15.262781095609268,38.83333333333333
23.5,33.595238095238095,15.426305438143649,-1.1666666666666679
21.666666666666668,33.42857142857143,15.567611541290782,-2.5
25.666666666666668,33.92857142857143,15.197422156788338,1.0
29.5,34.04761904761905,15.152531351203574,1.3333333333333321
33.5,34.595238095238095,15.036639554785172,7.388888888888889
28.1,32.27619047619048,14.527645603210713,6.933333333333334
26.166666666666668,26.87142857142857,3.9319408350278393,3.0
25.833333333333332,27.204761904761906,3.6899477348215908,0.6666666666666643
22.166666666666668,27.276190476190475,3.5676901068357108,-7.166666666666664
27.833333333333332,27.585714285714285,3.498087156806484,4.333333333333332
25.0,26.942857142857143,3.5011487154993897,-1.5555555555555571
25.2,25.757142857142856,1.9894829298194538,0.36666666666666714
29.0,25.885714285714283,2.1855465578693187,4.5
34.833333333333336,27.123809523809523,4.039605512721929,6.666666666666668
25.333333333333332,27.052380952380954,4.0705290011504704,-5.166666666666668
24.833333333333332,27.433333333333334,3.63898642787012,-1.8333333333333357
29.666666666666668,27.695238095238096,3.7372216146257786,6.444444444444446
28.444444444444443,28.187301587301587,3.545021598031835,-1.5555555555555571
31.5,29.08730158730159,3.4588791243954824,2.166666666666668
34.166666666666664,29.825396825396826,3.953098041661105,6.333333333333332
31.0,29.27777777777778,3.3655847179692095,0.5
27.5,29.587301587301585,3.024736349231788,-1.1666666666666679
21.666666666666668,29.134920634920636,3.9496388779627245,-8.666666666666664
22.0,28.039682539682538,4.757895137302505,-5.666666666666668
26.5,27.761904761904763,4.786997379918292,-19.333333333333336
25.333333333333332,26.880952380952383,4.5457695898518455,-7.333333333333332
28.833333333333332,26.119047619047617,3.431491261118539,0.23333333333333073
30.666666666666668,26.071428571428573,3.353904776328314,2.0666666666666664
25.666666666666668,25.809523809523807,3.29481715817748,-3.708333333333332
21.6,25.8,3.3088545629143535,-7.799999999999997
32.5,27.3,3.66039868300151,5.899999999999999
29.666666666666668,27.75238095238095,3.7398681469557773,2.0666666666666664
30.666666666666668,28.514285714285716,3.708042167988038,9.466666666666669
26.166666666666668,28.133333333333333,3.805502838239981,5.166666666666668
28.666666666666668,27.847619047619048,3.6557340623180217,14.444444444444446
26.2,27.923809523809524,3.6079497761612873,10.533333333333333
28.666666666666668,28.933333333333334,2.2924190684047945,10.26666666666667
28.166666666666668,28.314285714285717,1.6690934712812588,-1.2333333333333307
27.0,27.933333333333337,1.6123366985931713,2.1999999999999993
33.0,28.26666666666667,2.3459184413218708,8.600000000000001
31.833333333333332,29.076190476190476,2.4746652811984435,7.458333333333332
28.11111111111111,28.996825396825397,2.4987792433970144,1.31111111111111
23.2,28.568253968253966,3.2134774605980096,0.3999999999999986
24.8,28.015873015873016,3.5121884021411405,3.1999999999999993
27.0,27.849206349206348,3.531468510587421,18.4
30.4,28.334920634920632,3.6277078920807906,21.599999999999998
33.166666666666664,28.358730158730157,3.6637963753559295,13.88095238095238
30.0,28.0968253968254,3.4322287224962196,3.833333333333332
26.0,27.795238095238094,3.5223323802313278,1.6666666666666679
25.0,28.052380952380954,3.1800219625877393,2.666666666666668
26.2,28.25238095238095,2.9790538606682833,3.6999999999999993
32.4,29.023809523809522,3.2842336208301597,7.733333333333331
32.8,29.366666666666667,3.565108693995277,1.5777777777777757
28.428571428571427,28.689795918367345,3.1488872269003805,-10.238095238095237
31.833333333333332,28.951700680272104,3.3460917157190933,-5.833333333333332
29.6,29.465986394557824,3.083134367021001,-4.233333333333334
33.833333333333336,30.727891156462583,2.7391046152914904,3.0000000000000036
27.5,30.91360544217687,2.4045865543039335,15.0
28.5,30.356462585034016,2.454094683345843,14.833333333333334
30.666666666666668,30.05170068027211,2.2215113861484097,12.333333333333336
39.333333333333336,31.609523809523807,4.002856123177284,15.833333333333336
42.333333333333336,33.109523809523814,5.70580322795934,16.500000000000004
49.166666666666664,35.904761904761905,8.022455257574773,19.166666666666664
45.5,37.57142857142857,8.703371602354917,15.5
44.0,39.92857142857143,7.697316236759278,19.625
51.333333333333336,43.1904761904762,6.83701023801411,22.166666666666668
40.333333333333336,44.57142857142857,4.442906479931662,4.5
36.666666666666664,44.1904761904762,5.0409697143879395,7.333333333333332
29.0,42.285714285714285,7.685191559887761,1.75
33.5,40.04761904761905,7.628354930245426,5.333333333333332
33.0,38.261904761904766,7.602300542926088,7.0
19.22222222222222,34.72222222222222,9.904949504735434,-3.7777777777777786
23.5,30.746031746031747,7.393541917182141,6.666666666666668
25.0,28.555555555555554,6.26498204307088,4.333333333333332
26.333333333333332,27.079365079365083,5.154192143200577,4.5
21.166666666666668,25.960317460317462,5.506049262696958,-4.0
21.666666666666668,24.26984126984127,4.536594298665949,-9.11111111111111
27.444444444444443,23.476190476190478,2.970336394269355,-14.355555555555554
24.5,24.23015873015873,2.306153106729049,-13.666666666666664
26.5,24.658730158730158,2.4236125324052114,-9.833333333333336
26.333333333333332,24.84920634920635,2.5059013241164694,-9.166666666666668
28.666666666666668,25.18253968253968,2.8655959609897517,-10.166666666666668
31.166666666666668,26.61111111111111,3.0184617127125684,-2.033333333333335
29.5,27.73015873015873,2.22856238409972,-6.100000000000001
29.5,28.023809523809522,2.3182619835426763,0.8999999999999986
32.833333333333336,29.214285714285715,2.346617513915375,15.633333333333336
36.0,30.571428571428573,3.1311711553719705,20.8
35.666666666666664,31.904761904761905,3.010563412966535,13.466666666666665
35.333333333333336,32.857142857142854,2.866519006902254,9.222222222222225
31.666666666666668,32.92857142857143,2.823278142673892,-11.13333333333333
36.333333333333336,33.904761904761905,2.613811504682632,7.0000000000000036
35.166666666666664,34.714285714285715,1.7604562900586531,5.166666666666664
28.0,34.023809523809526,3.076837860032915,6.166666666666668
31.666666666666668,33.404761904761905,3.048765905243339,6.333333333333336
32.833333333333336,33.0,2.881936077631882,4.433333333333337
39.0,33.523809523809526,3.6163576051108413,15.333333333333332
38.5,34.5,3.9393550891636098,-6.0
35.5,34.38095238095239,3.88696097336548,-4.666666666666664
27.666666666666668,33.30952380952381,4.602161902833806,-9.666666666666668
25.166666666666668,32.904761904761905,5.228888011926677,-12.666666666666668
23.833333333333332,31.785714285714285,6.272156494376376,-6.066666666666666
28.333333333333332,31.142857142857142,6.3766272951597465,-4.5000000000000036
31.0,30.0,5.371391984565311,-7.0
27.833333333333332,28.476190476190478,3.8579266301471393,-12.000000000000004
53.833333333333336,31.095238095238095,10.28701858279414,17.833333333333336
50.333333333333336,34.333333333333336,12.382035972117652,14.0
36.833333333333336,36.0,11.709445380166896,8.433333333333337
42.333333333333336,38.642857142857146,10.5345237422577,21.000000000000004
40.666666666666664,40.40476190476191,9.5038282456467,22.833333333333332
41.5,41.90476190476191,8.55313303159055,17.5
32.833333333333336,42.61904761904761,7.298981591642286,11.666666666666668
32.0,39.5,6.305494370726212,7.166666666666668
33.333333333333336,37.07142857142857,4.433518315749391,7.777777777777779
36.5,37.023809523809526,4.438289388763802,7.333333333333332
42.666666666666664,37.07142857142857,4.506021837966773,-29.666666666666664
32.166666666666664,35.857142857142854,4.52096819709607,-6.166666666666671
27.166666666666668,33.80952380952381,4.777870061862605,-6.166666666666668
29.0,33.261904761904766,5.1161121151323306,-5.333333333333336
32.5,33.333333333333336,5.0990195135928476,-2.799999999999997
21.0,31.571428571428573,6.908701667474098,-20.333333333333336
23.333333333333332,29.690476190476193,7.131975838789698,-14.333333333333332
31.333333333333332,28.071428571428573,4.493675744101075,-3.833333333333332
29.666666666666668,27.714285714285715,4.203960088212194,-1.3333333333333321
89.83333333333333,36.666666666666664,23.81701072762912,64.83333333333333
38.0,37.95238095238095,23.57586538329885,7.0
32.666666666666664,37.976190476190474,23.569524534289766,-4.0
34.833333333333336,39.95238095238095,22.462873543487,0.8333333333333357
39.5,42.261904761904766,21.268751452771944,5.333333333333336
40.833333333333336,43.61904761904761,20.751999967364664,14.000000000000004
26.666666666666668,43.1904761904762,21.11595600212309,-9.166666666666668
31.666666666666668,34.88095238095239,4.986754943620708,-5.833333333333332
36.666666666666664,34.69047619047619,4.871904118047731,6.666666666666664
46.6,36.68095238095238,6.486134988569676,33.1
21.4,34.761904761904766,8.724814092711757,4.233333333333331
17.4,31.604761904761908,10.535239429707834,7.399999999999999
47.4,32.54285714285714,11.719716124196303,30.066666666666666
32.6,33.39047619047619,11.434996870972647,-33.800000000000004
33.0,33.58095238095238,11.412580081952761,4.833333333333332
35.666666666666664,33.43809523809524,11.373709590158816,13.833333333333332
34.2,31.666666666666664,9.845021302386565,10.36666666666667
22.4,31.809523809523807,9.677038770464867,-0.6000000000000014
8.4,30.523809523809522,12.18380397762046,-12.933333333333332
23.4,27.0952380952381,9.78372474271791,8.955555555555554
16.4,24.780952380952378,10.172855259315593,-4.933333333333334
13.6,22.009523809523806,10.20308076724172,-13.9
18.4,19.54285714285714,8.25163764409978,-4.766666666666669
22.6,17.885714285714286,5.535168943952477,3.4333333333333336
22.6,17.914285714285715,5.562801623711081,0.43333333333333357
27.0,20.571428571428573,4.623748221848631,3.5
32.75,21.907142857142855,6.533275631426493,4.25
33.75,24.385714285714283,7.337387948361644,-0.5833333333333357
40.8,28.271428571428572,7.857366879923266,10.466666666666665
51.6,33.01428571428571,10.48605082501333,20.1
34.0,34.642857142857146,9.431261340679269,6.666666666666668
29.0,35.55714285714286,8.313163686358601,3.0
24.8,35.24285714285715,8.722118844802447,-9.033333333333335
38.0,35.99285714285714,8.697721376478897,17.666666666666668
41.4,37.08571428571429,8.848244377922063,10.566666666666666
29.8,35.51428571428571,9.053071039050565,-1.8666666666666671
28.2,32.17142857142857,5.891721391272828,-5.133333333333336
24.4,30.8,6.482797749943119,-4.900000000000002
24.0,30.085714285714285,6.971233408665653,-3.0
20.4,29.457142857142856,7.688705383625478,-7.600000000000001
30.8,28.428571428571423,6.783734046898402,-2.033333333333335
34.2,27.400000000000002,4.7215816559003105,-4.199999999999996
32.6,27.8,5.0649119768594515,13.8
25.4,27.400000000000002,5.1380930314661475,16.275
34.8,28.885714285714283,5.608157324061936,25.4
34.2,30.342857142857145,5.450032765301334,24.366666666666667
40.6,33.22857142857143,4.58756082092818,22.76666666666667
36.4,34.02857142857143,4.581744313291818,14.73333333333333
39.5,34.785714285714285,5.030715181571723,10.666666666666668
15.8,32.385714285714286,8.824290069920423,-14.899999999999999
22.0,31.900000000000002,9.350757545069147,-9.166666666666668
32.0,31.5,9.26552750791885,-0.1666666666666643
26.0,30.32857142857143,9.384866236964443,-4.833333333333332
32.4,29.157142857142862,8.343032450865293,17.9
30.2,28.271428571428572,7.75429220619448,14.366666666666665
40.2,28.371428571428574,7.925846807694965,21.000000000000004
